{
    "accuracy": 0.8509413470876972,
    "loss": 0.3835355117917061
}