{
    "accuracy": 0.8660344055448674,
    "loss": 0.34438423286466036
}